\c four2three1

INSERT INTO player VALUES(10,'Lionel Messi','forward',292,'Argentina','PSG',500000000,4,'2021-07-10');
INSERT INTO player VALUES(7,'Cristiano Ronaldo','forward',322,'Portugal','Manchester United',450000000,3,'2021-07-23');
INSERT INTO player VALUES(21,'Phil Foden','forward',145,'England','Manchester City',5000000,6,'2017-07-10');
INSERT INTO player VALUES(17,'Kevin De Bruyne','midfielder',145,'Belgium','Manchester City',90000000,5,'2016-07-10');
INSERT INTO player VALUES(8,'Frenkie De Jong','midfielder',619,'Netherlands','FC Barcelona',10000000,8,'2020-07-10');
INSERT INTO player VALUES(3,'Virgil Van Dijk','defender',619,'Netherlands','Liverpool',9000000,5,'2017-07-10');
INSERT INTO player VALUES(100,'Mohammed Salah','forward',394,'Egypt','Liverpool',50000000,4,'2017-07-23');
INSERT INTO player VALUES(11,'Neymar Jr','forward',878,'Brazil','PSG',300000000,6,'2017-06-11');
INSERT INTO player VALUES(4,'Sergio Ramos','defender',242,'Spain','PSG',100000000,2,'2021-06-06');
INSERT INTO player VALUES(1,'Keylor Navas','goalkeeper',789,'Costa Rica','PSG',120000000,3,'2020-03-06');
INSERT INTO player VALUES(2,'Marquinhos','defender',678,'Brazil','PSG',180000000,2,'2020-09-25');
INSERT INTO player VALUES(5,'Karim Benzema','forward',123,'France','Real Madrid',12000000,4,'2015-11-14');
INSERT INTO player VALUES(6,'Angel Di Maria','forward',124,'Argentina','PSG',200000000,5,'2018-05-20');
INSERT INTO player VALUES(9,'Robert Lewandowski','forward',125,'Poland','Bayern Munich',400000000,7,'2016-08-05');
INSERT INTO player VALUES(12,'Kylian Mbappe','forward',126,'France','PSG',45000000,3,'2019-07-15');
INSERT INTO player VALUES(13,'Luis Suarez','forward',127,'Uruguay','Atletico Madrid',340000000,4,'2020-04-19');
INSERT INTO player VALUES(14,'Sadio Mane','forward',128,'Senegal','Liverpool',220000000,5,'2018-12-30');
INSERT INTO player VALUES(15,'Harry Kane','forward',129,'England','Tottenham Hotspur',250000000,6,'2017-10-16');
INSERT INTO player VALUES(16,'Joshua Kimmich','midfielder',130,'Germany','Bayern Munich',540000000,3,'2020-08-02');
INSERT INTO player VALUES(18,'Paul Pogba','midfielder',131,'France','Manchester United',210000000,4,'2019-06-26');
INSERT INTO player VALUES(19,'Zlatan Imbrahimovic','forward',132,'Sweden','AC Milan',600000000,8,'2015-07-20');
INSERT INTO player VALUES(20,'Luca Modric','midfielder',133,'Croatia','Real Madrid',370000000,5,'2017-01-30');
INSERT INTO player VALUES(22,'Bruno Fernandes','midfielder',134,'Portugal','Manchester United',420000000,2,'2021-03-01');
INSERT INTO player VALUES(23,'Toni Kroos','midfielder',135,'Germany','Real Madrid',160000000,1,'2019-11-16');
INSERT INTO player VALUES(30,'Thiago Silva','defender',201,'Brazil','Chelsea',340000000,3,'2018-04-04');
INSERT INTO player VALUES(31,'Paulo Dybala','forward',202,'Argentina','Juventus',270000000,7,'2017-06-09');
INSERT INTO player VALUES(32,'Manuel Neuer','goalkeeper',203,'Germany','Bayern Munich',440000000,2,'2016-03-15');
INSERT INTO player VALUES(33,'NGolo Kante','midfielder',204,'France','Chelsea',390000000,4,'2019-01-21');


INSERT INTO stats VALUES(10,91,55,10,4000,23);
INSERT INTO stats VALUES(7,63,32,22,3720,18);
INSERT INTO stats VALUES(21,15,20,71,4100,30);
INSERT INTO stats VALUES(17,20,20,51,3900,53);
INSERT INTO stats VALUES(8,10,15,30,4300,70);
INSERT INTO stats VALUES(3,5,3,80,3000,40);
INSERT INTO stats VALUES(100,41,22,5,3800,21);
INSERT INTO stats VALUES(11,35,25,15,2000,92);
INSERT INTO stats VALUES(4,15,10,100,3850,69);
INSERT INTO stats VALUES(1,30,2,23,1234,23);
INSERT INTO stats VALUES(2,16,18,34,7463,54);
INSERT INTO stats VALUES(5,19,47,65,9462,34);
INSERT INTO stats VALUES(6,7,38,73,3642,193);
INSERT INTO stats VALUES(9,45,68,16,2584,25);
INSERT INTO stats VALUES(12,50,89,48,5732,47);
INSERT INTO stats VALUES(13,32,76,27,4685,86);
INSERT INTO stats VALUES(14,27,53,59,2684,47);
INSERT INTO stats VALUES(15,30,27,74,6353,213);
INSERT INTO stats VALUES(16,21,66,158,1463,65);
INSERT INTO stats VALUES(18,37,59,87,2642,38);
INSERT INTO stats VALUES(19,35,143,58,5367,76);
INSERT INTO stats VALUES(20,87,7,26,4724,57);
INSERT INTO stats VALUES(22,2,48,62,7356,94);
INSERT INTO stats VALUES(23,15,52,17,2835,27);
INSERT INTO stats VALUES(30,10,95,52,3918,47);
INSERT INTO stats VALUES(31,59,77,62,8367,85);
INSERT INTO stats VALUES(32,52,123,38,6498,156);
INSERT INTO stats VALUES(33,67,79,213,8575,268);


INSERT INTO agent VALUES(292,'Jorge Messi','Argentina');
INSERT INTO agent VALUES(322,'Jorge Mendes','Portugal');
INSERT INTO agent VALUES(145,'Mino Riola','Italy');
INSERT INTO agent VALUES(619,'Charizard','England');
INSERT INTO agent VALUES(394,'Bo Burnham','Belgium');
INSERT INTO agent VALUES(878,'Neymar Sr','Brazil');
INSERT INTO agent VALUES(242,'Michael Pena','Spain');
INSERT INTO agent VALUES(789,'Pini Zahavi','Italy');
INSERT INTO agent VALUES(678,'Mondial Promotions','Spain');
INSERT INTO agent VALUES(123,'Thomas Kroth','Germany');
INSERT INTO agent VALUES(124,'Giuliano Bertolucci','Brazil');
INSERT INTO agent VALUES(125,'Fernando Felicevich','Spain');
INSERT INTO agent VALUES(126,'Jose Otin','Pasta');
INSERT INTO agent VALUES(127,'Jonathan Barnett','Pizza');
INSERT INTO agent VALUES(128,'Mino Raiola','Spain');
INSERT INTO agent VALUES(129,'Volker Struth','Spain');
INSERT INTO agent VALUES(130,'Squirtle','Japan');
INSERT INTO agent VALUES(131,'Leviathan','Berk');
INSERT INTO agent VALUES(132,'Happydent','India');
INSERT INTO agent VALUES(133,'Mariachero','Spain');
INSERT INTO agent VALUES(134,'Don Quixote','Antarctica');
INSERT INTO agent VALUES(135,'Penne Pasta','Italy');
INSERT INTO agent VALUES(201,'Cisco Ramone','Brazil');
INSERT INTO agent VALUES(202,'Francisco Goya','Spain');
INSERT INTO agent VALUES(203,'Pizza Pasta','Korea');
INSERT INTO agent VALUES(204,'Sushi Man','China');


INSERT INTO national_team VALUES('Argentina',10,3002);
INSERT INTO national_team VALUES('Portugal',7,3008);
INSERT INTO national_team VALUES('England',21,3009);
INSERT INTO national_team VALUES('Belgium',17,3010);
INSERT INTO national_team VALUES('Netherlands',3,3011);
INSERT INTO national_team VALUES('Brazil',7,3012);
INSERT INTO national_team VALUES('Spain',10,3001);
INSERT INTO national_team VALUES('Egypt',100,3014);
INSERT INTO national_team VALUES('Costa Rica',1,3003);
INSERT INTO national_team VALUES('France',12,3007);
INSERT INTO national_team VALUES('Poland',9,3006);
INSERT INTO national_team VALUES('Uruguay',13,3015);
INSERT INTO national_team VALUES('Senegal',14,3016);
INSERT INTO national_team VALUES('Croatia',20,3013);
INSERT INTO national_team VALUES('Sweden',19,3004);
INSERT INTO national_team VALUES('Germany',32,3005);


INSERT INTO journalist VALUES('Fabizio Romano', 1001);
INSERT INTO journalist VALUES('Massimo', 1002);
INSERT INTO journalist VALUES('John Wick', 1003);
INSERT INTO journalist VALUES('Robert', 1004);
INSERT INTO journalist VALUES('Jack', 1005);
INSERT INTO journalist VALUES('Mariachero', 1006);
INSERT INTO journalist VALUES('Max', 1007);
INSERT INTO journalist VALUES('Alex', 1008);
INSERT INTO journalist VALUES('Isabelle', 1009);
INSERT INTO journalist VALUES('Mia', 1010);
INSERT INTO journalist VALUES('William', 1011);
INSERT INTO journalist VALUES('Toast', 1012);
INSERT INTO journalist VALUES('Michael', 1013);
INSERT INTO journalist VALUES('Lily', 1014);
INSERT INTO journalist VALUES('Harry', 1015);
INSERT INTO journalist VALUES('James', 1016);
INSERT INTO journalist VALUES('Charmander', 1017);
INSERT INTO journalist VALUES('Blastoise', 1018);
INSERT INTO journalist VALUES('Percy', 1019);
INSERT INTO journalist VALUES('Isaac', 1020);
INSERT INTO journalist VALUES('Jones', 1021);
INSERT INTO journalist VALUES('Jogn', 1022);
INSERT INTO journalist VALUES('Durban', 1023);
INSERT INTO journalist VALUES('Frankenstein', 1024);


INSERT INTO articles VALUES(1001,'2021-08-10','12:24:45','lorem ipsum dalor visca barca');
INSERT INTO articles VALUES(1002,'2020-08-10','12:32:41','lorem ipsum dalor visca barca');
INSERT INTO articles VALUES(1003,'2020-09-23','12:44:45','lorem ipsum dalor visca barca');
INSERT INTO articles VALUES(1004,'2018-08-10','11:26:47','lorem ipsum dalor visca barca');
INSERT INTO articles VALUES(1005,'2021-06-17','10:34:56','lorem ipsum dalor visca barca');
INSERT INTO articles VALUES(1006,'2020-06-17','11:43:12','water is wet');
INSERT INTO articles VALUES(1007,'2020-07-17','09:24:32','pokemon is a higher order mon');
INSERT INTO articles VALUES(1008,'2020-08-17','10:27:22','Monday is a lie');
INSERT INTO articles VALUES(1009,'2020-09-17','15:16:35','Jack and Jill never went up the hill');
INSERT INTO articles VALUES(1010,'2020-10-17','17:39:26','Its all a lie');
INSERT INTO articles VALUES(1011,'2020-11-17','18:58:54','All of my oceans have riptides');
INSERT INTO articles VALUES(1012,'2020-12-17','14:49:28','alexa play traitor by olivia rodrigo');
INSERT INTO articles VALUES(1013,'2021-01-17','17:31:07','lorem ipsum is a sham');
INSERT INTO articles VALUES(1014,'2021-02-17','16:29:04','html and css are greater than dbms');
INSERT INTO articles VALUES(1015,'2021-03-17','20:40:11','where is the quit button');
INSERT INTO articles VALUES(1016,'2021-04-17','23:52:22','how do i delete all bugs');
INSERT INTO articles VALUES(1017,'2021-05-17','22:26:16','communist bugs bunny is superior');
INSERT INTO articles VALUES(1018,'2021-06-17','11:03:42','Scrooge McDuck was richer than batman');
INSERT INTO articles VALUES(1019,'2021-07-17','07:09:24','Getting bitten by a bat does not make you batman');
INSERT INTO articles VALUES(1020,'2021-08-17','08:17:24','Let me call batman');
INSERT INTO articles VALUES(1021,'2021-09-17','02:00:42','I may not be Mr.CallBatman but Im not Ms.FallingLady');
INSERT INTO articles VALUES(1022,'2021-10-17','01:04:14','I want to be the very best.');
INSERT INTO articles VALUES(1023,'2021-11-17','15:33:12','If you are gonna be an idiot, you might as well be good at it');
INSERT INTO articles VALUES(1024,'2019-05-26','11:26:15','They said it changes when the sun goes down');


INSERT INTO clubs VALUES('PSG',3002,'Paris','Ligue1','Parc-Des-Princes');
INSERT INTO clubs VALUES('Manchester United',3003,'Manchester','Premier League','Old Trafford');
INSERT INTO clubs VALUES('Manchester City',3001,'Manchester','Premier League','Etihad');
INSERT INTO clubs VALUES('FC Barcelona',3004,'Barcelona','La Liga','Camp Nou');
INSERT INTO clubs VALUES('Liverpool',3005,'Liverpool','Premier League','Anfield');
INSERT INTO clubs VALUES('Juventus',3006,'Turin','SerieA','Allianz');
INSERT INTO clubs VALUES('Chelsea',3007,'Netherworld','Premier League','Stamford');
INSERT INTO clubs VALUES('Atletico Madrid',3008,'Uranus','Premier League','AT n T');
INSERT INTO clubs VALUES('AC Milan',3009,'Melody','SerieA','San Siro');
INSERT INTO clubs VALUES('Bayern Munich',3010,'San Francisco','Bundesliga','Allianz');
INSERT INTO clubs VALUES('Real Madrid',3011,'Sydney','La Liga','Santiago Bernabeu');
INSERT INTO clubs VALUES('Tottenham Hotspur',3012,'New York','Premier League','Mercedes Benz');


INSERT INTO manager VALUES(3001,'Pep Guardiola','Spain',9560000,6,'2016-07-12');
INSERT INTO manager VALUES(3002,'Mauricio Pochettino','Argentina',860000,3,'2020-10-12');
INSERT INTO manager VALUES(3003,'Ole Gunnar Soljkaer','Costa Rica',760000,5,'2018-07-12');
INSERT INTO manager VALUES(3004,'Ronald Koeman','Sweden',7760000,2,'2019-07-12');
INSERT INTO manager VALUES(3005,'Jurgen Klopp','Germany',2860000,6,'2016-06-15');
INSERT INTO manager VALUES(3006,'Max Allegri','Poland',2869000,4,'2021-06-15');
INSERT INTO manager VALUES(3007,'Lionel Scaloni','France',1360000,3,'2020-06-15');
INSERT INTO manager VALUES(3008,'Fernando Santos','Portugal',960000,8,'2014-06-15');
INSERT INTO manager VALUES(3009,'Gareth Southgate','England',2260000,5,'2018-06-15');
INSERT INTO manager VALUES(3010,'Roberto Martinez','Belgium',1230000,6,'2018-06-15');
INSERT INTO manager VALUES(3011,'Louis Van Gaal','Netherlands',1430000,4,'2020-06-15');
INSERT INTO manager VALUES(3012,'Tete','Brazil',3330000,8,'2016-06-15');
INSERT INTO manager VALUES(3013,'Luis Enriques','Croatia',5410000,6,'2018-06-15');
INSERT INTO manager VALUES(3014,'Pharoah','Egypt',340000,6,'2017-06-15');
INSERT INTO manager VALUES(3015,'Plague','Uruguay',140000,3,'209-11-23');
INSERT INTO manager VALUES(3016,'Donna','Senegal',220000,5,'2018-02-08');


INSERT INTO our_user VALUES(7001, 'Ram', '2001-03-23');
INSERT INTO our_user VALUES(7002, 'Shyam', '2000-07-25');
INSERT INTO our_user VALUES(7003, 'Kim Jong', '2004-09-12');
INSERT INTO our_user VALUES(7004, 'Un', '2014-12-12');
INSERT INTO our_user VALUES(7005, 'Mariachero', '2014-09-12');
INSERT INTO our_user VALUES(7006, 'Catrina', '2016-09-12');
INSERT INTO our_user VALUES(7007, 'SpanishMan', '2013-09-12');
INSERT INTO our_user VALUES(7008, 'User2000', '2002-01-05');
INSERT INTO our_user VALUES(7009, 'MadeItOutOfPES', '2006-06-10');
INSERT INTO our_user VALUES(7010, 'GotAJob', '2017-02-06');
INSERT INTO our_user VALUES(7011, 'GoodGradesInDBMS', '2011-11-27');
INSERT INTO our_user VALUES(7012, 'I just need names', '2013-07-18');
INSERT INTO our_user VALUES(7013, 'I am struggling', '2020-08-22');
INSERT INTO our_user VALUES(7014, 'Alexa', '2021-03-25');
INSERT INTO our_user VALUES(7015, 'Play', '2000-12-08');
INSERT INTO our_user VALUES(7016, 'Traitor', '2008-10-05');
INSERT INTO our_user VALUES(7017, 'By', '2009-02-16');
INSERT INTO our_user VALUES(7018, 'Olivia', '2004-04-19');
INSERT INTO our_user VALUES(7019, 'Rodrigo', '2012-12-28');
INSERT INTO our_user VALUES(7020, 'Arctic Monkeys', '2018-01-20');
INSERT INTO our_user VALUES(7021, 'Mariah Carey', '2019-06-10');
INSERT INTO our_user VALUES(7022, 'FutureIsDark', '2005-08-03');
INSERT INTO our_user VALUES(7023, 'MapReduceMarks', '2008-02-12');
INSERT INTO our_user VALUES(7024, 'PAIN', '2010-06-11');


INSERT INTO user_club VALUES(7001, 'PSG');
INSERT INTO user_club VALUES(7002, 'Liverpool');
INSERT INTO user_club VALUES(7003, 'Manchester City');
INSERT INTO user_club VALUES(7004, 'Bayern Munich');
INSERT INTO user_club VALUES(7005, 'FC Barcelona');
INSERT INTO user_club VALUES(7006, 'Chelsea');
INSERT INTO user_club VALUES(7007, 'Liverpool');
INSERT INTO user_club VALUES(7008, 'AC Milan');
INSERT INTO user_club VALUES(7009, 'Bayern Munich');
INSERT INTO user_club VALUES(7010, 'Liverpool');
INSERT INTO user_club VALUES(7011, 'FC Barcelona');
INSERT INTO user_club VALUES(7012, 'Liverpool');
INSERT INTO user_club VALUES(7013, 'Chelsea');
INSERT INTO user_club VALUES(7014, 'Bayern Munich');
INSERT INTO user_club VALUES(7015, 'AC Milan');
INSERT INTO user_club VALUES(7016, 'Chelsea');
INSERT INTO user_club VALUES(7017, 'Liverpool');
INSERT INTO user_club VALUES(7018, 'Bayern Munich');
INSERT INTO user_club VALUES(7019, 'Bayern Munich');
INSERT INTO user_club VALUES(7020, 'AC Milan');
INSERT INTO user_club VALUES(7021, 'FC Barcelona');
INSERT INTO user_club VALUES(7022, 'FC Barcelona');
INSERT INTO user_club VALUES(7023, 'Chelsea');
INSERT INTO user_club VALUES(7024, 'FC Barcelona');


INSERT INTO user_player VALUES(7001, 10);
INSERT INTO user_player VALUES(7002, 7);
INSERT INTO user_player VALUES(7003, 21);
INSERT INTO user_player VALUES(7004, 1);
INSERT INTO user_player VALUES(7005, 2);
INSERT INTO user_player VALUES(7006, 3);
INSERT INTO user_player VALUES(7007, 4);
INSERT INTO user_player VALUES(7008, 4);
INSERT INTO user_player VALUES(7009, 5);
INSERT INTO user_player VALUES(7010, 6);
INSERT INTO user_player VALUES(7011, 7);
INSERT INTO user_player VALUES(7012, 8);
INSERT INTO user_player VALUES(7013, 9);
INSERT INTO user_player VALUES(7014, 10);
INSERT INTO user_player VALUES(7015, 11);
INSERT INTO user_player VALUES(7016, 12);
INSERT INTO user_player VALUES(7017, 13);
INSERT INTO user_player VALUES(7018, 14);
INSERT INTO user_player VALUES(7019, 15);
INSERT INTO user_player VALUES(7020, 16);
INSERT INTO user_player VALUES(7021, 17);
INSERT INTO user_player VALUES(7022, 18);
INSERT INTO user_player VALUES(7023, 19);
INSERT INTO user_player VALUES(7024, 20);


INSERT INTO user_journalist VALUES(7001, 'Massimo');
INSERT INTO user_journalist VALUES(7002, 'Fabizio Romano');
INSERT INTO user_journalist VALUES(7001, 'John Wick');
INSERT INTO user_journalist VALUES(7002, 'Robert');
INSERT INTO user_journalist VALUES(7003, 'Jack');
INSERT INTO user_journalist VALUES(7004, 'Mariachero');
INSERT INTO user_journalist VALUES(7005, 'Max');
INSERT INTO user_journalist VALUES(7006, 'Alex');
INSERT INTO user_journalist VALUES(7007, 'Isabelle');
INSERT INTO user_journalist VALUES(7008, 'William');
INSERT INTO user_journalist VALUES(7009, 'Toast');
INSERT INTO user_journalist VALUES(7002, 'Michael');
INSERT INTO user_journalist VALUES(7003, 'Lily');
INSERT INTO user_journalist VALUES(7004, 'Harry');
INSERT INTO user_journalist VALUES(7005, 'James');
INSERT INTO user_journalist VALUES(7006, 'Charmander');
INSERT INTO user_journalist VALUES(7007, 'Blastoise');
INSERT INTO user_journalist VALUES(7008, 'Percy');
INSERT INTO user_journalist VALUES(7009, 'Isaac');
INSERT INTO user_journalist VALUES(7003, 'Jones');
INSERT INTO user_journalist VALUES(7004, 'Jogn');
INSERT INTO user_journalist VALUES(7005, 'Durban');
INSERT INTO user_journalist VALUES(7016, 'Frankenstein');
INSERT INTO user_journalist VALUES(7019, 'Toast');
INSERT INTO user_journalist VALUES(7012, 'Michael');
INSERT INTO user_journalist VALUES(7013, 'Lily');
INSERT INTO user_journalist VALUES(7014, 'Harry');
INSERT INTO user_journalist VALUES(7012, 'James');
INSERT INTO user_journalist VALUES(7016, 'Charmander');
INSERT INTO user_journalist VALUES(7017, 'Frankenstein');
INSERT INTO user_journalist VALUES(7017, 'Blastoise');
INSERT INTO user_journalist VALUES(7011, 'Percy');
INSERT INTO user_journalist VALUES(7019, 'Isaac');
INSERT INTO user_journalist VALUES(7013, 'Jones');
INSERT INTO user_journalist VALUES(7014, 'Jogn');
INSERT INTO user_journalist VALUES(7018, 'Frankenstein');
INSERT INTO user_journalist VALUES(7015, 'Durban');
INSERT INTO user_journalist VALUES(7020, 'Toast');
INSERT INTO user_journalist VALUES(7021, 'Toast');
INSERT INTO user_journalist VALUES(7022, 'James');
INSERT INTO user_journalist VALUES(7023, 'Charmander');
INSERT INTO user_journalist VALUES(7024, 'Percy');
INSERT INTO user_journalist VALUES(7021, 'Lily');
INSERT INTO user_journalist VALUES(7022, 'Michael');
INSERT INTO user_journalist VALUES(7023, 'Alex');
INSERT INTO user_journalist VALUES(7024, 'Mariachero');


INSERT INTO user_nat_team VALUES(7001, 'Argentina');
INSERT INTO user_nat_team VALUES(7002, 'Spain');
INSERT INTO user_nat_team VALUES(7003, 'England');
INSERT INTO user_nat_team VALUES(7004, 'Brazil');
INSERT INTO user_nat_team VALUES(7005, 'Brazil');
INSERT INTO user_nat_team VALUES(7006, 'France');
INSERT INTO user_nat_team VALUES(7007, 'England');
INSERT INTO user_nat_team VALUES(7008, 'Belgium');
INSERT INTO user_nat_team VALUES(7009, 'Brazil');
INSERT INTO user_nat_team VALUES(7001, 'Spain');
INSERT INTO user_nat_team VALUES(7002, 'Belgium');
INSERT INTO user_nat_team VALUES(7003, 'Netherlands');
INSERT INTO user_nat_team VALUES(7004, 'Germany');
INSERT INTO user_nat_team VALUES(7005, 'Belgium');
INSERT INTO user_nat_team VALUES(7006, 'Germany');
INSERT INTO user_nat_team VALUES(7007, 'Belgium');
INSERT INTO user_nat_team VALUES(7008, 'Netherlands');
INSERT INTO user_nat_team VALUES(7009, 'Egypt');
INSERT INTO user_nat_team VALUES(7010, 'Costa Rica');
INSERT INTO user_nat_team VALUES(7011, 'France');
INSERT INTO user_nat_team VALUES(7012, 'Sweden');
INSERT INTO user_nat_team VALUES(7013, 'Egypt');
INSERT INTO user_nat_team VALUES(7014, 'Sweden');
INSERT INTO user_nat_team VALUES(7015, 'Poland');
INSERT INTO user_nat_team VALUES(7016, 'Egypt');
INSERT INTO user_nat_team VALUES(7017, 'Costa Rica');
INSERT INTO user_nat_team VALUES(7018, 'France');
INSERT INTO user_nat_team VALUES(7019, 'Senegal');
INSERT INTO user_nat_team VALUES(7010, 'Uruguay');
INSERT INTO user_nat_team VALUES(7011, 'Uruguay');
INSERT INTO user_nat_team VALUES(7012, 'Croatia');
INSERT INTO user_nat_team VALUES(7013, 'Belgium');
INSERT INTO user_nat_team VALUES(7014, 'Croatia');
INSERT INTO user_nat_team VALUES(7015, 'Argentina');
INSERT INTO user_nat_team VALUES(7016, 'Argentina');
INSERT INTO user_nat_team VALUES(7017, 'Portugal');
INSERT INTO user_nat_team VALUES(7018, 'Brazil');
INSERT INTO user_nat_team VALUES(7019, 'England');
INSERT INTO user_nat_team VALUES(7020, 'Belgium');
INSERT INTO user_nat_team VALUES(7021, 'Netherlands');
INSERT INTO user_nat_team VALUES(7021, 'Spain');
INSERT INTO user_nat_team VALUES(7022, 'Croatia');
INSERT INTO user_nat_team VALUES(7022, 'Spain');
INSERT INTO user_nat_team VALUES(7023, 'Germany');
INSERT INTO user_nat_team VALUES(7023, 'Senegal');
INSERT INTO user_nat_team VALUES(7024, 'Costa Rica');
INSERT INTO user_nat_team VALUES(7024, 'Germany');


INSERT INTO match VALUES(9001,'FC Barcelona','Liverpool','Camp Nou','UCL','3-0','2021-03-18');
INSERT INTO match VALUES(9002,'Manchester City','Manchester United','Etihad','Premier League','5-0','2021-03-31');
INSERT INTO match VALUES(9003,'PSG','FC Barcelona','Parc Des Princes','UCL','3-3','2021-03-12');
INSERT INTO match VALUES(9004,'Manchester United','Liverpool','Old Trafford','Premier League','1-3','2021-03-12');
INSERT INTO match VALUES(9005,'Real Madrid','FC Barcelona','Camp Nou','La Liga','2-3','2021-03-23');
INSERT INTO match VALUES(9006,'AC Milan','Bayern Munich','Allianz','UCL','3-3','2021-03-19');
INSERT INTO match VALUES(9007,'Chelsea','Manchester United','Stamford','UCL','3-3','2021-03-20');
INSERT INTO match VALUES(9008,'Tottenham Hotspur','AC Milan','Mercedes Benz','UCL','3-3','2021-03-30');
INSERT INTO match VALUES(9009,'Manchester United','FC Barcelona','Camp Nou','UCL','0-2','2021-03-11');
INSERT INTO match VALUES(9010,'Chelsea','Liverpool','Anfield','UCL','3-3','2021-03-08');
INSERT INTO match VALUES(9011,'Manchester City','Tottenham Hotspur','Etihad','Premier League','1-0','2021-03-04');
INSERT INTO match VALUES(9012,'Manchester United','Manchester City','Old Trafford','Premier League','2-4','2021-03-01');
INSERT INTO match VALUES(9013,'Liverpool','Tottenham Hotspur','Anfield','UCL','0-0','2021-03-28');
INSERT INTO match VALUES(9014,'Bayern Munich','PSG','Parc Des Princes','UCL','3-0','2021-03-25');
INSERT INTO match VALUES(9015,'Real Madrid','Juventus','Etihad','UCL','2-2','2021-03-02');
INSERT INTO match VALUES(9016,'FC Barcelona','Atletico Madrid','AT n T','UCL','3-3','2021-03-10');
INSERT INTO match VALUES(9017,'Tottenham Hotspur','Real Madrid','Santiago Bernabeu','UCL','8-2','2021-03-24');
INSERT INTO match VALUES(9018,'Juventus','AC Milan','San Siro','SerieA','3-3','2021-03-17');
INSERT INTO match VALUES(9019,'FC Barcelona','Atletico Madrid','AT n T','UCL','3-3','2021-03-15');
INSERT INTO match VALUES(9020,'FC Barcelona','Atletico Madrid','AT n T','UCL','3-3','2021-03-02');
INSERT INTO match VALUES(9021,'FC Barcelona','Atletico Madrid','AT n T','UCL','3-3','2021-03-04');
INSERT INTO match VALUES(9022,'FC Barcelona','Atletico Madrid','AT n T','UCL','3-3','2021-03-17');


INSERT INTO user_match VALUES(7001, 9001);
INSERT INTO user_match VALUES(7002, 9002);
INSERT INTO user_match VALUES(7003, 9003);


INSERT INTO player_transfer VALUES(8001,10,'FC Barcelona','PSG',0,'2 years + 1 optional year',0);
INSERT INTO player_transfer VALUES(8002,7,'Juventus','Manchester United',3500000,'1 year + 1 optional year',100000);
INSERT INTO player_transfer VALUES(8003,1,'Real Madrid','PSG',20000000,'3 years',1000000);
INSERT INTO player_transfer VALUES(8004,2,'AC Milan','PSG',34100000,'2 years',1500000);
INSERT INTO player_transfer VALUES(8005,4,'Bayern Munich','PSG',54200000,'3 years',1200000);
INSERT INTO player_transfer VALUES(8006,9,'Atletico Madrid','Bayern Munich',1000000,'2 years + 1 optional year',1100000);
INSERT INTO player_transfer VALUES(8007,6,'Juventus','PSG',9400000,'4 years',1000000);
INSERT INTO player_transfer VALUES(8008,16,'Chelsea','Bayern Munich',12300000,'5 years',4000000);
INSERT INTO player_transfer VALUES(8009,21,'Manchester United','Manchester City',63500000,'2 years',1000000);
INSERT INTO player_transfer VALUES(8010,31,'FC Barcelona','Juventus',13500000,'4 years',0);
INSERT INTO player_transfer VALUES(8011,33,'Bayern Munich','Chelsea',21400000,'2 years',2200000);


ALTER TABLE player ADD CONSTRAINT fk1 FOREIGN KEY (agent_id) REFERENCES agent(agent_id) ON UPDATE CASCADE ON DELETE CASCADE;
ALTER TABLE player ADD CONSTRAINT fk2 FOREIGN KEY (nat_team) REFERENCES national_team(nat_name) ON UPDATE CASCADE ON DELETE CASCADE;
ALTER TABLE player ADD CONSTRAINT fk3 FOREIGN KEY (club_name) REFERENCES clubs(club_name) ON UPDATE CASCADE ON DELETE CASCADE;

ALTER TABLE stats ADD CONSTRAINT fk4 FOREIGN KEY (player_id) REFERENCES player(player_id) ON UPDATE CASCADE ON DELETE CASCADE;

ALTER TABLE national_team ADD CONSTRAINT fk5 FOREIGN KEY (captain_id) REFERENCES player(player_id) ON UPDATE CASCADE ON DELETE CASCADE;
ALTER TABLE national_team ADD CONSTRAINT fk6 FOREIGN KEY (manager_id) REFERENCES manager(manager_id) ON UPDATE CASCADE ON DELETE CASCADE;

ALTER TABLE journalist ADD CONSTRAINT fk7 FOREIGN KEY (article_id) REFERENCES articles(article_id) ON UPDATE CASCADE ON DELETE CASCADE;

ALTER TABLE user_player ADD CONSTRAINT fk8 FOREIGN KEY (usr_id) REFERENCES our_user(usr_id) ON UPDATE CASCADE ON DELETE CASCADE;
ALTER TABLE user_player ADD CONSTRAINT fk9 FOREIGN KEY (player_id) REFERENCES player(player_id) ON UPDATE CASCADE ON DELETE CASCADE;

ALTER TABLE user_club ADD CONSTRAINT fk10 FOREIGN KEY (usr_id) REFERENCES our_user(usr_id) ON UPDATE CASCADE ON DELETE CASCADE;
ALTER TABLE user_club ADD CONSTRAINT fk11 FOREIGN KEY (club_name) REFERENCES clubs(club_name) ON UPDATE CASCADE ON DELETE CASCADE;

ALTER TABLE user_match ADD CONSTRAINT fk12 FOREIGN KEY (usr_id) REFERENCES our_user(usr_id) ON UPDATE CASCADE ON DELETE CASCADE;
ALTER TABLE user_match ADD CONSTRAINT fk13 FOREIGN KEY (match_id) REFERENCES match(match_id) ON UPDATE CASCADE ON DELETE CASCADE;

ALTER TABLE user_journalist ADD CONSTRAINT fk14 FOREIGN KEY (usr_id) REFERENCES our_user(usr_id) ON UPDATE CASCADE ON DELETE CASCADE;
ALTER TABLE user_journalist ADD CONSTRAINT fk15 FOREIGN KEY (journalist_name) REFERENCES journalist(j_name) ON UPDATE CASCADE ON DELETE CASCADE;

ALTER TABLE user_nat_team ADD CONSTRAINT fk16 FOREIGN KEY (usr_id) REFERENCES our_user(usr_id) ON UPDATE CASCADE ON DELETE CASCADE;
ALTER TABLE user_nat_team ADD CONSTRAINT fk17 FOREIGN KEY (nat_name) REFERENCES national_team(nat_name) ON UPDATE CASCADE ON DELETE CASCADE;

ALTER TABLE clubs ADD CONSTRAINT fk18 FOREIGN KEY (manager_id) REFERENCES manager(manager_id) ON UPDATE CASCADE ON DELETE CASCADE;

ALTER TABLE player_transfer ADD CONSTRAINT fk19 FOREIGN KEY (player_id) REFERENCES player(player_id) ON UPDATE CASCADE ON DELETE CASCADE;
